{"val/psnr":31.71402931213379,"_timestamp":1.7481304992602205e+09,"_wandb":{"runtime":13722},"train/loss_step":0.024567609652876854,"_step":1799,"trainer/global_step":59999,"_runtime":13722.299986609,"val/loss":0.01726670190691948,"epoch":299,"train/loss_epoch":0.018821386620402336}