epoch,step,train/loss_step
0,49,0.14960601925849915
0,99,0.16420374810695648
